[
  {
    "SourceType": "Touringx.Model.Reservation",
    "TargetType": "Google.Reservation",
    "PropertyMappings": [
      {
        "SourceProperty": "Id",
        "TargetProperty": "BookingId"
      },
      {
        "SourceProperty": "GuestName",
        "TargetProperty": "Customer"
      },
      {
        "SourceProperty": "CheckInDate",
        "TargetProperty": "StartDate",
        "CustomConverter": "DateToString"
      },
      {
        "SourceProperty": "CheckOutDate",
        "TargetProperty": "EndDate",
        "CustomConverter": "DateToString"
      }
    ]
  },
  {
    "SourceType": "Google.Reservation",
    "TargetType": "Touringx.Model.Reservation",
    "PropertyMappings": [
      {
        "SourceProperty": "BookingId",
        "TargetProperty": "Id"
      },
      {
        "SourceProperty": "Customer",
        "TargetProperty": "GuestName"
      },
      {
        "SourceProperty": "StartDate",
        "TargetProperty": "CheckInDate",
        "CustomConverter": "StringToDate"
      },
      {
        "SourceProperty": "EndDate",
        "TargetProperty": "CheckOutDate",
        "CustomConverter": "StringToDate"
      }
    ]
  }
]